ID,Close
id_713,85
id_714,85
id_715,85
id_716,85
id_717,85
id_718,85
id_719,85
id_720,85
id_721,85
id_722,85
id_723,85
id_724,85
id_725,85
id_726,85
id_727,85
id_728,85
id_729,85
id_730,85
id_731,85
id_732,85
id_733,85
id_734,85
id_735,85
id_736,85
id_737,85
id_738,85
id_739,85
id_740,85
id_741,85
id_742,85
id_743,85
id_744,85
id_745,85
id_746,85
id_747,85
id_748,85
id_749,85
id_750,85
id_751,85
id_752,85
id_753,85
id_1467,85
id_1468,85
id_1469,85
id_1470,85
id_1471,85
id_1472,85
id_1473,85
id_1474,85
id_1475,85
id_1476,85
id_1477,85
id_1478,85
id_1479,85
id_1480,85
id_1481,85
id_1482,85
id_1483,85
id_1484,85
id_1485,85
id_1486,85
id_1487,85
id_1488,85
id_1489,85
id_1490,85
id_1491,85
id_1492,85
id_1493,85
id_1494,85
id_1495,85
id_1496,85
id_1497,85
id_1498,85
id_1499,85
id_1500,85
id_1501,85
id_1502,85
id_1503,85
id_1504,85
id_1505,85
id_1506,85
id_1507,85
id_2221,85
id_2222,85
id_2223,85
id_2224,85
id_2225,85
id_2226,85
id_2227,85
id_2228,85
id_2229,85
id_2230,85
id_2231,85
id_2232,85
id_2233,85
id_2234,85
id_2235,85
id_2236,85
id_2237,85
id_2238,85
id_2239,85
id_2240,85
id_2241,85
id_2242,85
id_2243,85
id_2244,85
id_2245,85
id_2246,85
id_2247,85
id_2248,85
id_2249,85
id_2250,85
id_2251,85
id_2252,85
id_2253,85
id_2254,85
id_2255,85
id_2256,85
id_2257,85
id_2258,85
id_2259,85
id_2260,85
id_2261,85
id_2975,85
id_2976,85
id_2977,85
id_2978,85
id_2979,85
id_2980,85
id_2981,85
id_2982,85
id_2983,85
id_2984,85
id_2985,85
id_2986,85
id_2987,85
id_2988,85
id_2989,85
id_2990,85
id_2991,85
id_2992,85
id_2993,85
id_2994,85
id_2995,85
id_2996,85
id_2997,85
id_2998,85
id_2999,85
id_3000,85
id_3001,85
id_3002,85
id_3003,85
id_3004,85
id_3005,85
id_3006,85
id_3007,85
id_3008,85
id_3009,85
id_3010,85
id_3011,85
id_3012,85
id_3013,85
id_3014,85
id_3015,85
id_3729,85
id_3730,85
id_3731,85
id_3732,85
id_3733,85
id_3734,85
id_3735,85
id_3736,85
id_3737,85
id_3738,85
id_3739,85
id_3740,85
id_3741,85
id_3742,85
id_3743,85
id_3744,85
id_3745,85
id_3746,85
id_3747,85
id_3748,85
id_3749,85
id_3750,85
id_3751,85
id_3752,85
id_3753,85
id_3754,85
id_3755,85
id_3756,85
id_3757,85
id_3758,85
id_3759,85
id_3760,85
id_3761,85
id_3762,85
id_3763,85
id_3764,85
id_3765,85
id_3766,85
id_3767,85
id_3768,85
id_3769,85
id_4483,85
id_4484,85
id_4485,85
id_4486,85
id_4487,85
id_4488,85
id_4489,85
id_4490,85
id_4491,85
id_4492,85
id_4493,85
id_4494,85
id_4495,85
id_4496,85
id_4497,85
id_4498,85
id_4499,85
id_4500,85
id_4501,85
id_4502,85
id_4503,85
id_4504,85
id_4505,85
id_4506,85
id_4507,85
id_4508,85
id_4509,85
id_4510,85
id_4511,85
id_4512,85
id_4513,85
id_4514,85
id_4515,85
id_4516,85
id_4517,85
id_4518,85
id_4519,85
id_4520,85
id_4521,85
id_4522,85
id_4523,85
id_5237,85
id_5238,85
id_5239,85
id_5240,85
id_5241,85
id_5242,85
id_5243,85
id_5244,85
id_5245,85
id_5246,85
id_5247,85
id_5248,85
id_5249,85
id_5250,85
id_5251,85
id_5252,85
id_5253,85
id_5254,85
id_5255,85
id_5256,85
id_5257,85
id_5258,85
id_5259,85
id_5260,85
id_5261,85
id_5262,85
id_5263,85
id_5264,85
id_5265,85
id_5266,85
id_5267,85
id_5268,85
id_5269,85
id_5270,85
id_5271,85
id_5272,85
id_5273,85
id_5274,85
id_5275,85
id_5276,85
id_5277,85
id_5991,85
id_5992,85
id_5993,85
id_5994,85
id_5995,85
id_5996,85
id_5997,85
id_5998,85
id_5999,85
id_6000,85
id_6001,85
id_6002,85
id_6003,85
id_6004,85
id_6005,85
id_6006,85
id_6007,85
id_6008,85
id_6009,85
id_6010,85
id_6011,85
id_6012,85
id_6013,85
id_6014,85
id_6015,85
id_6016,85
id_6017,85
id_6018,85
id_6019,85
id_6020,85
id_6021,85
id_6022,85
id_6023,85
id_6024,85
id_6025,85
id_6026,85
id_6027,85
id_6028,85
id_6029,85
id_6030,85
id_6031,85
id_6745,85
id_6746,85
id_6747,85
id_6748,85
id_6749,85
id_6750,85
id_6751,85
id_6752,85
id_6753,85
id_6754,85
id_6755,85
id_6756,85
id_6757,85
id_6758,85
id_6759,85
id_6760,85
id_6761,85
id_6762,85
id_6763,85
id_6764,85
id_6765,85
id_6766,85
id_6767,85
id_6768,85
id_6769,85
id_6770,85
id_6771,85
id_6772,85
id_6773,85
id_6774,85
id_6775,85
id_6776,85
id_6777,85
id_6778,85
id_6779,85
id_6780,85
id_6781,85
id_6782,85
id_6783,85
id_6784,85
id_6785,85
id_7499,85
id_7500,85
id_7501,85
id_7502,85
id_7503,85
id_7504,85
id_7505,85
id_7506,85
id_7507,85
id_7508,85
id_7509,85
id_7510,85
id_7511,85
id_7512,85
id_7513,85
id_7514,85
id_7515,85
id_7516,85
id_7517,85
id_7518,85
id_7519,85
id_7520,85
id_7521,85
id_7522,85
id_7523,85
id_7524,85
id_7525,85
id_7526,85
id_7527,85
id_7528,85
id_7529,85
id_7530,85
id_7531,85
id_7532,85
id_7533,85
id_7534,85
id_7535,85
id_7536,85
id_7537,85
id_7538,85
id_7539,85
id_8253,85
id_8254,85
id_8255,85
id_8256,85
id_8257,85
id_8258,85
id_8259,85
id_8260,85
id_8261,85
id_8262,85
id_8263,85
id_8264,85
id_8265,85
id_8266,85
id_8267,85
id_8268,85
id_8269,85
id_8270,85
id_8271,85
id_8272,85
id_8273,85
id_8274,85
id_8275,85
id_8276,85
id_8277,85
id_8278,85
id_8279,85
id_8280,85
id_8281,85
id_8282,85
id_8283,85
id_8284,85
id_8285,85
id_8286,85
id_8287,85
id_8288,85
id_8289,85
id_8290,85
id_8291,85
id_8292,85
id_8293,85
id_9007,85
id_9008,85
id_9009,85
id_9010,85
id_9011,85
id_9012,85
id_9013,85
id_9014,85
id_9015,85
id_9016,85
id_9017,85
id_9018,85
id_9019,85
id_9020,85
id_9021,85
id_9022,85
id_9023,85
id_9024,85
id_9025,85
id_9026,85
id_9027,85
id_9028,85
id_9029,85
id_9030,85
id_9031,85
id_9032,85
id_9033,85
id_9034,85
id_9035,85
id_9036,85
id_9037,85
id_9038,85
id_9039,85
id_9040,85
id_9041,85
id_9042,85
id_9043,85
id_9044,85
id_9045,85
id_9046,85
id_9047,85
id_9761,85
id_9762,85
id_9763,85
id_9764,85
id_9765,85
id_9766,85
id_9767,85
id_9768,85
id_9769,85
id_9770,85
id_9771,85
id_9772,85
id_9773,85
id_9774,85
id_9775,85
id_9776,85
id_9777,85
id_9778,85
id_9779,85
id_9780,85
id_9781,85
id_9782,85
id_9783,85
id_9784,85
id_9785,85
id_9786,85
id_9787,85
id_9788,85
id_9789,85
id_9790,85
id_9791,85
id_9792,85
id_9793,85
id_9794,85
id_9795,85
id_9796,85
id_9797,85
id_9798,85
id_9799,85
id_9800,85
id_9801,85
id_10515,85
id_10516,85
id_10517,85
id_10518,85
id_10519,85
id_10520,85
id_10521,85
id_10522,85
id_10523,85
id_10524,85
id_10525,85
id_10526,85
id_10527,85
id_10528,85
id_10529,85
id_10530,85
id_10531,85
id_10532,85
id_10533,85
id_10534,85
id_10535,85
id_10536,85
id_10537,85
id_10538,85
id_10539,85
id_10540,85
id_10541,85
id_10542,85
id_10543,85
id_10544,85
id_10545,85
id_10546,85
id_10547,85
id_10548,85
id_10549,85
id_10550,85
id_10551,85
id_10552,85
id_10553,85
id_10554,85
id_10555,85
id_11269,85
id_11270,85
id_11271,85
id_11272,85
id_11273,85
id_11274,85
id_11275,85
id_11276,85
id_11277,85
id_11278,85
id_11279,85
id_11280,85
id_11281,85
id_11282,85
id_11283,85
id_11284,85
id_11285,85
id_11286,85
id_11287,85
id_11288,85
id_11289,85
id_11290,85
id_11291,85
id_11292,85
id_11293,85
id_11294,85
id_11295,85
id_11296,85
id_11297,85
id_11298,85
id_11299,85
id_11300,85
id_11301,85
id_11302,85
id_11303,85
id_11304,85
id_11305,85
id_11306,85
id_11307,85
id_11308,85
id_11309,85
id_12023,85
id_12024,85
id_12025,85
id_12026,85
id_12027,85
id_12028,85
id_12029,85
id_12030,85
id_12031,85
id_12032,85
id_12033,85
id_12034,85
id_12035,85
id_12036,85
id_12037,85
id_12038,85
id_12039,85
id_12040,85
id_12041,85
id_12042,85
id_12043,85
id_12044,85
id_12045,85
id_12046,85
id_12047,85
id_12048,85
id_12049,85
id_12050,85
id_12051,85
id_12052,85
id_12053,85
id_12054,85
id_12055,85
id_12056,85
id_12057,85
id_12058,85
id_12059,85
id_12060,85
id_12061,85
id_12062,85
id_12063,85
id_12777,85
id_12778,85
id_12779,85
id_12780,85
id_12781,85
id_12782,85
id_12783,85
id_12784,85
id_12785,85
id_12786,85
id_12787,85
id_12788,85
id_12789,85
id_12790,85
id_12791,85
id_12792,85
id_12793,85
id_12794,85
id_12795,85
id_12796,85
id_12797,85
id_12798,85
id_12799,85
id_12800,85
id_12801,85
id_12802,85
id_12803,85
id_12804,85
id_12805,85
id_12806,85
id_12807,85
id_12808,85
id_12809,85
id_12810,85
id_12811,85
id_12812,85
id_12813,85
id_12814,85
id_12815,85
id_12816,85
id_12817,85
id_13531,85
id_13532,85
id_13533,85
id_13534,85
id_13535,85
id_13536,85
id_13537,85
id_13538,85
id_13539,85
id_13540,85
id_13541,85
id_13542,85
id_13543,85
id_13544,85
id_13545,85
id_13546,85
id_13547,85
id_13548,85
id_13549,85
id_13550,85
id_13551,85
id_13552,85
id_13553,85
id_13554,85
id_13555,85
id_13556,85
id_13557,85
id_13558,85
id_13559,85
id_13560,85
id_13561,85
id_13562,85
id_13563,85
id_13564,85
id_13565,85
id_13566,85
id_13567,85
id_13568,85
id_13569,85
id_13570,85
id_13571,85
id_14285,85
id_14286,85
id_14287,85
id_14288,85
id_14289,85
id_14290,85
id_14291,85
id_14292,85
id_14293,85
id_14294,85
id_14295,85
id_14296,85
id_14297,85
id_14298,85
id_14299,85
id_14300,85
id_14301,85
id_14302,85
id_14303,85
id_14304,85
id_14305,85
id_14306,85
id_14307,85
id_14308,85
id_14309,85
id_14310,85
id_14311,85
id_14312,85
id_14313,85
id_14314,85
id_14315,85
id_14316,85
id_14317,85
id_14318,85
id_14319,85
id_14320,85
id_14321,85
id_14322,85
id_14323,85
id_14324,85
id_14325,85
id_15039,85
id_15040,85
id_15041,85
id_15042,85
id_15043,85
id_15044,85
id_15045,85
id_15046,85
id_15047,85
id_15048,85
id_15049,85
id_15050,85
id_15051,85
id_15052,85
id_15053,85
id_15054,85
id_15055,85
id_15056,85
id_15057,85
id_15058,85
id_15059,85
id_15060,85
id_15061,85
id_15062,85
id_15063,85
id_15064,85
id_15065,85
id_15066,85
id_15067,85
id_15068,85
id_15069,85
id_15070,85
id_15071,85
id_15072,85
id_15073,85
id_15074,85
id_15075,85
id_15076,85
id_15077,85
id_15078,85
id_15079,85
id_15793,85
id_15794,85
id_15795,85
id_15796,85
id_15797,85
id_15798,85
id_15799,85
id_15800,85
id_15801,85
id_15802,85
id_15803,85
id_15804,85
id_15805,85
id_15806,85
id_15807,85
id_15808,85
id_15809,85
id_15810,85
id_15811,85
id_15812,85
id_15813,85
id_15814,85
id_15815,85
id_15816,85
id_15817,85
id_15818,85
id_15819,85
id_15820,85
id_15821,85
id_15822,85
id_15823,85
id_15824,85
id_15825,85
id_15826,85
id_15827,85
id_15828,85
id_15829,85
id_15830,85
id_15831,85
id_15832,85
id_15833,85
id_16547,85
id_16548,85
id_16549,85
id_16550,85
id_16551,85
id_16552,85
id_16553,85
id_16554,85
id_16555,85
id_16556,85
id_16557,85
id_16558,85
id_16559,85
id_16560,85
id_16561,85
id_16562,85
id_16563,85
id_16564,85
id_16565,85
id_16566,85
id_16567,85
id_16568,85
id_16569,85
id_16570,85
id_16571,85
id_16572,85
id_16573,85
id_16574,85
id_16575,85
id_16576,85
id_16577,85
id_16578,85
id_16579,85
id_16580,85
id_16581,85
id_16582,85
id_16583,85
id_16584,85
id_16585,85
id_16586,85
id_16587,85
id_17301,85
id_17302,85
id_17303,85
id_17304,85
id_17305,85
id_17306,85
id_17307,85
id_17308,85
id_17309,85
id_17310,85
id_17311,85
id_17312,85
id_17313,85
id_17314,85
id_17315,85
id_17316,85
id_17317,85
id_17318,85
id_17319,85
id_17320,85
id_17321,85
id_17322,85
id_17323,85
id_17324,85
id_17325,85
id_17326,85
id_17327,85
id_17328,85
id_17329,85
id_17330,85
id_17331,85
id_17332,85
id_17333,85
id_17334,85
id_17335,85
id_17336,85
id_17337,85
id_17338,85
id_17339,85
id_17340,85
id_17341,85
id_18055,85
id_18056,85
id_18057,85
id_18058,85
id_18059,85
id_18060,85
id_18061,85
id_18062,85
id_18063,85
id_18064,85
id_18065,85
id_18066,85
id_18067,85
id_18068,85
id_18069,85
id_18070,85
id_18071,85
id_18072,85
id_18073,85
id_18074,85
id_18075,85
id_18076,85
id_18077,85
id_18078,85
id_18079,85
id_18080,85
id_18081,85
id_18082,85
id_18083,85
id_18084,85
id_18085,85
id_18086,85
id_18087,85
id_18088,85
id_18089,85
id_18090,85
id_18091,85
id_18092,85
id_18093,85
id_18094,85
id_18095,85
id_18809,85
id_18810,85
id_18811,85
id_18812,85
id_18813,85
id_18814,85
id_18815,85
id_18816,85
id_18817,85
id_18818,85
id_18819,85
id_18820,85
id_18821,85
id_18822,85
id_18823,85
id_18824,85
id_18825,85
id_18826,85
id_18827,85
id_18828,85
id_18829,85
id_18830,85
id_18831,85
id_18832,85
id_18833,85
id_18834,85
id_18835,85
id_18836,85
id_18837,85
id_18838,85
id_18839,85
id_18840,85
id_18841,85
id_18842,85
id_18843,85
id_18844,85
id_18845,85
id_18846,85
id_18847,85
id_18848,85
id_18849,85
id_19563,85
id_19564,85
id_19565,85
id_19566,85
id_19567,85
id_19568,85
id_19569,85
id_19570,85
id_19571,85
id_19572,85
id_19573,85
id_19574,85
id_19575,85
id_19576,85
id_19577,85
id_19578,85
id_19579,85
id_19580,85
id_19581,85
id_19582,85
id_19583,85
id_19584,85
id_19585,85
id_19586,85
id_19587,85
id_19588,85
id_19589,85
id_19590,85
id_19591,85
id_19592,85
id_19593,85
id_19594,85
id_19595,85
id_19596,85
id_19597,85
id_19598,85
id_19599,85
id_19600,85
id_19601,85
id_19602,85
id_19603,85
id_20317,85
id_20318,85
id_20319,85
id_20320,85
id_20321,85
id_20322,85
id_20323,85
id_20324,85
id_20325,85
id_20326,85
id_20327,85
id_20328,85
id_20329,85
id_20330,85
id_20331,85
id_20332,85
id_20333,85
id_20334,85
id_20335,85
id_20336,85
id_20337,85
id_20338,85
id_20339,85
id_20340,85
id_20341,85
id_20342,85
id_20343,85
id_20344,85
id_20345,85
id_20346,85
id_20347,85
id_20348,85
id_20349,85
id_20350,85
id_20351,85
id_20352,85
id_20353,85
id_20354,85
id_20355,85
id_20356,85
id_20357,85
id_21071,85
id_21072,85
id_21073,85
id_21074,85
id_21075,85
id_21076,85
id_21077,85
id_21078,85
id_21079,85
id_21080,85
id_21081,85
id_21082,85
id_21083,85
id_21084,85
id_21085,85
id_21086,85
id_21087,85
id_21088,85
id_21089,85
id_21090,85
id_21091,85
id_21092,85
id_21093,85
id_21094,85
id_21095,85
id_21096,85
id_21097,85
id_21098,85
id_21099,85
id_21100,85
id_21101,85
id_21102,85
id_21103,85
id_21104,85
id_21105,85
id_21106,85
id_21107,85
id_21108,85
id_21109,85
id_21110,85
id_21111,85
id_21825,85
id_21826,85
id_21827,85
id_21828,85
id_21829,85
id_21830,85
id_21831,85
id_21832,85
id_21833,85
id_21834,85
id_21835,85
id_21836,85
id_21837,85
id_21838,85
id_21839,85
id_21840,85
id_21841,85
id_21842,85
id_21843,85
id_21844,85
id_21845,85
id_21846,85
id_21847,85
id_21848,85
id_21849,85
id_21850,85
id_21851,85
id_21852,85
id_21853,85
id_21854,85
id_21855,85
id_21856,85
id_21857,85
id_21858,85
id_21859,85
id_21860,85
id_21861,85
id_21862,85
id_21863,85
id_21864,85
id_21865,85
id_22579,85
id_22580,85
id_22581,85
id_22582,85
id_22583,85
id_22584,85
id_22585,85
id_22586,85
id_22587,85
id_22588,85
id_22589,85
id_22590,85
id_22591,85
id_22592,85
id_22593,85
id_22594,85
id_22595,85
id_22596,85
id_22597,85
id_22598,85
id_22599,85
id_22600,85
id_22601,85
id_22602,85
id_22603,85
id_22604,85
id_22605,85
id_22606,85
id_22607,85
id_22608,85
id_22609,85
id_22610,85
id_22611,85
id_22612,85
id_22613,85
id_22614,85
id_22615,85
id_22616,85
id_22617,85
id_22618,85
id_22619,85
id_23333,85
id_23334,85
id_23335,85
id_23336,85
id_23337,85
id_23338,85
id_23339,85
id_23340,85
id_23341,85
id_23342,85
id_23343,85
id_23344,85
id_23345,85
id_23346,85
id_23347,85
id_23348,85
id_23349,85
id_23350,85
id_23351,85
id_23352,85
id_23353,85
id_23354,85
id_23355,85
id_23356,85
id_23357,85
id_23358,85
id_23359,85
id_23360,85
id_23361,85
id_23362,85
id_23363,85
id_23364,85
id_23365,85
id_23366,85
id_23367,85
id_23368,85
id_23369,85
id_23370,85
id_23371,85
id_23372,85
id_23373,85
id_24087,85
id_24088,85
id_24089,85
id_24090,85
id_24091,85
id_24092,85
id_24093,85
id_24094,85
id_24095,85
id_24096,85
id_24097,85
id_24098,85
id_24099,85
id_24100,85
id_24101,85
id_24102,85
id_24103,85
id_24104,85
id_24105,85
id_24106,85
id_24107,85
id_24108,85
id_24109,85
id_24110,85
id_24111,85
id_24112,85
id_24113,85
id_24114,85
id_24115,85
id_24116,85
id_24117,85
id_24118,85
id_24119,85
id_24120,85
id_24121,85
id_24122,85
id_24123,85
id_24124,85
id_24125,85
id_24126,85
id_24127,85
id_24841,85
id_24842,85
id_24843,85
id_24844,85
id_24845,85
id_24846,85
id_24847,85
id_24848,85
id_24849,85
id_24850,85
id_24851,85
id_24852,85
id_24853,85
id_24854,85
id_24855,85
id_24856,85
id_24857,85
id_24858,85
id_24859,85
id_24860,85
id_24861,85
id_24862,85
id_24863,85
id_24864,85
id_24865,85
id_24866,85
id_24867,85
id_24868,85
id_24869,85
id_24870,85
id_24871,85
id_24872,85
id_24873,85
id_24874,85
id_24875,85
id_24876,85
id_24877,85
id_24878,85
id_24879,85
id_24880,85
id_24881,85
id_25595,85
id_25596,85
id_25597,85
id_25598,85
id_25599,85
id_25600,85
id_25601,85
id_25602,85
id_25603,85
id_25604,85
id_25605,85
id_25606,85
id_25607,85
id_25608,85
id_25609,85
id_25610,85
id_25611,85
id_25612,85
id_25613,85
id_25614,85
id_25615,85
id_25616,85
id_25617,85
id_25618,85
id_25619,85
id_25620,85
id_25621,85
id_25622,85
id_25623,85
id_25624,85
id_25625,85
id_25626,85
id_25627,85
id_25628,85
id_25629,85
id_25630,85
id_25631,85
id_25632,85
id_25633,85
id_25634,85
id_25635,85
id_26349,85
id_26350,85
id_26351,85
id_26352,85
id_26353,85
id_26354,85
id_26355,85
id_26356,85
id_26357,85
id_26358,85
id_26359,85
id_26360,85
id_26361,85
id_26362,85
id_26363,85
id_26364,85
id_26365,85
id_26366,85
id_26367,85
id_26368,85
id_26369,85
id_26370,85
id_26371,85
id_26372,85
id_26373,85
id_26374,85
id_26375,85
id_26376,85
id_26377,85
id_26378,85
id_26379,85
id_26380,85
id_26381,85
id_26382,85
id_26383,85
id_26384,85
id_26385,85
id_26386,85
id_26387,85
id_26388,85
id_26389,85
id_27103,85
id_27104,85
id_27105,85
id_27106,85
id_27107,85
id_27108,85
id_27109,85
id_27110,85
id_27111,85
id_27112,85
id_27113,85
id_27114,85
id_27115,85
id_27116,85
id_27117,85
id_27118,85
id_27119,85
id_27120,85
id_27121,85
id_27122,85
id_27123,85
id_27124,85
id_27125,85
id_27126,85
id_27127,85
id_27128,85
id_27129,85
id_27130,85
id_27131,85
id_27132,85
id_27133,85
id_27134,85
id_27135,85
id_27136,85
id_27137,85
id_27138,85
id_27139,85
id_27140,85
id_27141,85
id_27142,85
id_27143,85
id_27857,85
id_27858,85
id_27859,85
id_27860,85
id_27861,85
id_27862,85
id_27863,85
id_27864,85
id_27865,85
id_27866,85
id_27867,85
id_27868,85
id_27869,85
id_27870,85
id_27871,85
id_27872,85
id_27873,85
id_27874,85
id_27875,85
id_27876,85
id_27877,85
id_27878,85
id_27879,85
id_27880,85
id_27881,85
id_27882,85
id_27883,85
id_27884,85
id_27885,85
id_27886,85
id_27887,85
id_27888,85
id_27889,85
id_27890,85
id_27891,85
id_27892,85
id_27893,85
id_27894,85
id_27895,85
id_27896,85
id_27897,85
id_28611,85
id_28612,85
id_28613,85
id_28614,85
id_28615,85
id_28616,85
id_28617,85
id_28618,85
id_28619,85
id_28620,85
id_28621,85
id_28622,85
id_28623,85
id_28624,85
id_28625,85
id_28626,85
id_28627,85
id_28628,85
id_28629,85
id_28630,85
id_28631,85
id_28632,85
id_28633,85
id_28634,85
id_28635,85
id_28636,85
id_28637,85
id_28638,85
id_28639,85
id_28640,85
id_28641,85
id_28642,85
id_28643,85
id_28644,85
id_28645,85
id_28646,85
id_28647,85
id_28648,85
id_28649,85
id_28650,85
id_28651,85
id_29365,85
id_29366,85
id_29367,85
id_29368,85
id_29369,85
id_29370,85
id_29371,85
id_29372,85
id_29373,85
id_29374,85
id_29375,85
id_29376,85
id_29377,85
id_29378,85
id_29379,85
id_29380,85
id_29381,85
id_29382,85
id_29383,85
id_29384,85
id_29385,85
id_29386,85
id_29387,85
id_29388,85
id_29389,85
id_29390,85
id_29391,85
id_29392,85
id_29393,85
id_29394,85
id_29395,85
id_29396,85
id_29397,85
id_29398,85
id_29399,85
id_29400,85
id_29401,85
id_29402,85
id_29403,85
id_29404,85
id_29405,85
id_30119,85
id_30120,85
id_30121,85
id_30122,85
id_30123,85
id_30124,85
id_30125,85
id_30126,85
id_30127,85
id_30128,85
id_30129,85
id_30130,85
id_30131,85
id_30132,85
id_30133,85
id_30134,85
id_30135,85
id_30136,85
id_30137,85
id_30138,85
id_30139,85
id_30140,85
id_30141,85
id_30142,85
id_30143,85
id_30144,85
id_30145,85
id_30146,85
id_30147,85
id_30148,85
id_30149,85
id_30150,85
id_30151,85
id_30152,85
id_30153,85
id_30154,85
id_30155,85
id_30156,85
id_30157,85
id_30158,85
id_30159,85
id_30873,85
id_30874,85
id_30875,85
id_30876,85
id_30877,85
id_30878,85
id_30879,85
id_30880,85
id_30881,85
id_30882,85
id_30883,85
id_30884,85
id_30885,85
id_30886,85
id_30887,85
id_30888,85
id_30889,85
id_30890,85
id_30891,85
id_30892,85
id_30893,85
id_30894,85
id_30895,85
id_30896,85
id_30897,85
id_30898,85
id_30899,85
id_30900,85
id_30901,85
id_30902,85
id_30903,85
id_30904,85
id_30905,85
id_30906,85
id_30907,85
id_30908,85
id_30909,85
id_30910,85
id_30911,85
id_30912,85
id_30913,85
id_31627,85
id_31628,85
id_31629,85
id_31630,85
id_31631,85
id_31632,85
id_31633,85
id_31634,85
id_31635,85
id_31636,85
id_31637,85
id_31638,85
id_31639,85
id_31640,85
id_31641,85
id_31642,85
id_31643,85
id_31644,85
id_31645,85
id_31646,85
id_31647,85
id_31648,85
id_31649,85
id_31650,85
id_31651,85
id_31652,85
id_31653,85
id_31654,85
id_31655,85
id_31656,85
id_31657,85
id_31658,85
id_31659,85
id_31660,85
id_31661,85
id_31662,85
id_31663,85
id_31664,85
id_31665,85
id_31666,85
id_31667,85
id_32381,85
id_32382,85
id_32383,85
id_32384,85
id_32385,85
id_32386,85
id_32387,85
id_32388,85
id_32389,85
id_32390,85
id_32391,85
id_32392,85
id_32393,85
id_32394,85
id_32395,85
id_32396,85
id_32397,85
id_32398,85
id_32399,85
id_32400,85
id_32401,85
id_32402,85
id_32403,85
id_32404,85
id_32405,85
id_32406,85
id_32407,85
id_32408,85
id_32409,85
id_32410,85
id_32411,85
id_32412,85
id_32413,85
id_32414,85
id_32415,85
id_32416,85
id_32417,85
id_32418,85
id_32419,85
id_32420,85
id_32421,85
id_33135,85
id_33136,85
id_33137,85
id_33138,85
id_33139,85
id_33140,85
id_33141,85
id_33142,85
id_33143,85
id_33144,85
id_33145,85
id_33146,85
id_33147,85
id_33148,85
id_33149,85
id_33150,85
id_33151,85
id_33152,85
id_33153,85
id_33154,85
id_33155,85
id_33156,85
id_33157,85
id_33158,85
id_33159,85
id_33160,85
id_33161,85
id_33162,85
id_33163,85
id_33164,85
id_33165,85
id_33166,85
id_33167,85
id_33168,85
id_33169,85
id_33170,85
id_33171,85
id_33172,85
id_33173,85
id_33174,85
id_33175,85
id_33889,85
id_33890,85
id_33891,85
id_33892,85
id_33893,85
id_33894,85
id_33895,85
id_33896,85
id_33897,85
id_33898,85
id_33899,85
id_33900,85
id_33901,85
id_33902,85
id_33903,85
id_33904,85
id_33905,85
id_33906,85
id_33907,85
id_33908,85
id_33909,85
id_33910,85
id_33911,85
id_33912,85
id_33913,85
id_33914,85
id_33915,85
id_33916,85
id_33917,85
id_33918,85
id_33919,85
id_33920,85
id_33921,85
id_33922,85
id_33923,85
id_33924,85
id_33925,85
id_33926,85
id_33927,85
id_33928,85
id_33929,85
id_34643,85
id_34644,85
id_34645,85
id_34646,85
id_34647,85
id_34648,85
id_34649,85
id_34650,85
id_34651,85
id_34652,85
id_34653,85
id_34654,85
id_34655,85
id_34656,85
id_34657,85
id_34658,85
id_34659,85
id_34660,85
id_34661,85
id_34662,85
id_34663,85
id_34664,85
id_34665,85
id_34666,85
id_34667,85
id_34668,85
id_34669,85
id_34670,85
id_34671,85
id_34672,85
id_34673,85
id_34674,85
id_34675,85
id_34676,85
id_34677,85
id_34678,85
id_34679,85
id_34680,85
id_34681,85
id_34682,85
id_34683,85
id_35397,85
id_35398,85
id_35399,85
id_35400,85
id_35401,85
id_35402,85
id_35403,85
id_35404,85
id_35405,85
id_35406,85
id_35407,85
id_35408,85
id_35409,85
id_35410,85
id_35411,85
id_35412,85
id_35413,85
id_35414,85
id_35415,85
id_35416,85
id_35417,85
id_35418,85
id_35419,85
id_35420,85
id_35421,85
id_35422,85
id_35423,85
id_35424,85
id_35425,85
id_35426,85
id_35427,85
id_35428,85
id_35429,85
id_35430,85
id_35431,85
id_35432,85
id_35433,85
id_35434,85
id_35435,85
id_35436,85
id_35437,85
id_36151,85
id_36152,85
id_36153,85
id_36154,85
id_36155,85
id_36156,85
id_36157,85
id_36158,85
id_36159,85
id_36160,85
id_36161,85
id_36162,85
id_36163,85
id_36164,85
id_36165,85
id_36166,85
id_36167,85
id_36168,85
id_36169,85
id_36170,85
id_36171,85
id_36172,85
id_36173,85
id_36174,85
id_36175,85
id_36176,85
id_36177,85
id_36178,85
id_36179,85
id_36180,85
id_36181,85
id_36182,85
id_36183,85
id_36184,85
id_36185,85
id_36186,85
id_36187,85
id_36188,85
id_36189,85
id_36190,85
id_36191,85
id_36905,85
id_36906,85
id_36907,85
id_36908,85
id_36909,85
id_36910,85
id_36911,85
id_36912,85
id_36913,85
id_36914,85
id_36915,85
id_36916,85
id_36917,85
id_36918,85
id_36919,85
id_36920,85
id_36921,85
id_36922,85
id_36923,85
id_36924,85
id_36925,85
id_36926,85
id_36927,85
id_36928,85
id_36929,85
id_36930,85
id_36931,85
id_36932,85
id_36933,85
id_36934,85
id_36935,85
id_36936,85
id_36937,85
id_36938,85
id_36939,85
id_36940,85
id_36941,85
id_36942,85
id_36943,85
id_36944,85
id_36945,85
id_37659,85
id_37660,85
id_37661,85
id_37662,85
id_37663,85
id_37664,85
id_37665,85
id_37666,85
id_37667,85
id_37668,85
id_37669,85
id_37670,85
id_37671,85
id_37672,85
id_37673,85
id_37674,85
id_37675,85
id_37676,85
id_37677,85
id_37678,85
id_37679,85
id_37680,85
id_37681,85
id_37682,85
id_37683,85
id_37684,85
id_37685,85
id_37686,85
id_37687,85
id_37688,85
id_37689,85
id_37690,85
id_37691,85
id_37692,85
id_37693,85
id_37694,85
id_37695,85
id_37696,85
id_37697,85
id_37698,85
id_37699,85
id_38413,85
id_38414,85
id_38415,85
id_38416,85
id_38417,85
id_38418,85
id_38419,85
id_38420,85
id_38421,85
id_38422,85
id_38423,85
id_38424,85
id_38425,85
id_38426,85
id_38427,85
id_38428,85
id_38429,85
id_38430,85
id_38431,85
id_38432,85
id_38433,85
id_38434,85
id_38435,85
id_38436,85
id_38437,85
id_38438,85
id_38439,85
id_38440,85
id_38441,85
id_38442,85
id_38443,85
id_38444,85
id_38445,85
id_38446,85
id_38447,85
id_38448,85
id_38449,85
id_38450,85
id_38451,85
id_38452,85
id_38453,85
id_39167,85
id_39168,85
id_39169,85
id_39170,85
id_39171,85
id_39172,85
id_39173,85
id_39174,85
id_39175,85
id_39176,85
id_39177,85
id_39178,85
id_39179,85
id_39180,85
id_39181,85
id_39182,85
id_39183,85
id_39184,85
id_39185,85
id_39186,85
id_39187,85
id_39188,85
id_39189,85
id_39190,85
id_39191,85
id_39192,85
id_39193,85
id_39194,85
id_39195,85
id_39196,85
id_39197,85
id_39198,85
id_39199,85
id_39200,85
id_39201,85
id_39202,85
id_39203,85
id_39204,85
id_39205,85
id_39206,85
id_39207,85
id_39921,85
id_39922,85
id_39923,85
id_39924,85
id_39925,85
id_39926,85
id_39927,85
id_39928,85
id_39929,85
id_39930,85
id_39931,85
id_39932,85
id_39933,85
id_39934,85
id_39935,85
id_39936,85
id_39937,85
id_39938,85
id_39939,85
id_39940,85
id_39941,85
id_39942,85
id_39943,85
id_39944,85
id_39945,85
id_39946,85
id_39947,85
id_39948,85
id_39949,85
id_39950,85
id_39951,85
id_39952,85
id_39953,85
id_39954,85
id_39955,85
id_39956,85
id_39957,85
id_39958,85
id_39959,85
id_39960,85
id_39961,85
id_40675,85
id_40676,85
id_40677,85
id_40678,85
id_40679,85
id_40680,85
id_40681,85
id_40682,85
id_40683,85
id_40684,85
id_40685,85
id_40686,85
id_40687,85
id_40688,85
id_40689,85
id_40690,85
id_40691,85
id_40692,85
id_40693,85
id_40694,85
id_40695,85
id_40696,85
id_40697,85
id_40698,85
id_40699,85
id_40700,85
id_40701,85
id_40702,85
id_40703,85
id_40704,85
id_40705,85
id_40706,85
id_40707,85
id_40708,85
id_40709,85
id_40710,85
id_40711,85
id_40712,85
id_40713,85
id_40714,85
id_40715,85
id_41429,85
id_41430,85
id_41431,85
id_41432,85
id_41433,85
id_41434,85
id_41435,85
id_41436,85
id_41437,85
id_41438,85
id_41439,85
id_41440,85
id_41441,85
id_41442,85
id_41443,85
id_41444,85
id_41445,85
id_41446,85
id_41447,85
id_41448,85
id_41449,85
id_41450,85
id_41451,85
id_41452,85
id_41453,85
id_41454,85
id_41455,85
id_41456,85
id_41457,85
id_41458,85
id_41459,85
id_41460,85
id_41461,85
id_41462,85
id_41463,85
id_41464,85
id_41465,85
id_41466,85
id_41467,85
id_41468,85
id_41469,85
id_42183,85
id_42184,85
id_42185,85
id_42186,85
id_42187,85
id_42188,85
id_42189,85
id_42190,85
id_42191,85
id_42192,85
id_42193,85
id_42194,85
id_42195,85
id_42196,85
id_42197,85
id_42198,85
id_42199,85
id_42200,85
id_42201,85
id_42202,85
id_42203,85
id_42204,85
id_42205,85
id_42206,85
id_42207,85
id_42208,85
id_42209,85
id_42210,85
id_42211,85
id_42212,85
id_42213,85
id_42214,85
id_42215,85
id_42216,85
id_42217,85
id_42218,85
id_42219,85
id_42220,85
id_42221,85
id_42222,85
id_42223,85
id_42937,85
id_42938,85
id_42939,85
id_42940,85
id_42941,85
id_42942,85
id_42943,85
id_42944,85
id_42945,85
id_42946,85
id_42947,85
id_42948,85
id_42949,85
id_42950,85
id_42951,85
id_42952,85
id_42953,85
id_42954,85
id_42955,85
id_42956,85
id_42957,85
id_42958,85
id_42959,85
id_42960,85
id_42961,85
id_42962,85
id_42963,85
id_42964,85
id_42965,85
id_42966,85
id_42967,85
id_42968,85
id_42969,85
id_42970,85
id_42971,85
id_42972,85
id_42973,85
id_42974,85
id_42975,85
id_42976,85
id_42977,85
id_43691,85
id_43692,85
id_43693,85
id_43694,85
id_43695,85
id_43696,85
id_43697,85
id_43698,85
id_43699,85
id_43700,85
id_43701,85
id_43702,85
id_43703,85
id_43704,85
id_43705,85
id_43706,85
id_43707,85
id_43708,85
id_43709,85
id_43710,85
id_43711,85
id_43712,85
id_43713,85
id_43714,85
id_43715,85
id_43716,85
id_43717,85
id_43718,85
id_43719,85
id_43720,85
id_43721,85
id_43722,85
id_43723,85
id_43724,85
id_43725,85
id_43726,85
id_43727,85
id_43728,85
id_43729,85
id_43730,85
id_43731,85
id_44445,85
id_44446,85
id_44447,85
id_44448,85
id_44449,85
id_44450,85
id_44451,85
id_44452,85
id_44453,85
id_44454,85
id_44455,85
id_44456,85
id_44457,85
id_44458,85
id_44459,85
id_44460,85
id_44461,85
id_44462,85
id_44463,85
id_44464,85
id_44465,85
id_44466,85
id_44467,85
id_44468,85
id_44469,85
id_44470,85
id_44471,85
id_44472,85
id_44473,85
id_44474,85
id_44475,85
id_44476,85
id_44477,85
id_44478,85
id_44479,85
id_44480,85
id_44481,85
id_44482,85
id_44483,85
id_44484,85
id_44485,85
id_45199,85
id_45200,85
id_45201,85
id_45202,85
id_45203,85
id_45204,85
id_45205,85
id_45206,85
id_45207,85
id_45208,85
id_45209,85
id_45210,85
id_45211,85
id_45212,85
id_45213,85
id_45214,85
id_45215,85
id_45216,85
id_45217,85
id_45218,85
id_45219,85
id_45220,85
id_45221,85
id_45222,85
id_45223,85
id_45224,85
id_45225,85
id_45226,85
id_45227,85
id_45228,85
id_45229,85
id_45230,85
id_45231,85
id_45232,85
id_45233,85
id_45234,85
id_45235,85
id_45236,85
id_45237,85
id_45238,85
id_45239,85
id_45953,85
id_45954,85
id_45955,85
id_45956,85
id_45957,85
id_45958,85
id_45959,85
id_45960,85
id_45961,85
id_45962,85
id_45963,85
id_45964,85
id_45965,85
id_45966,85
id_45967,85
id_45968,85
id_45969,85
id_45970,85
id_45971,85
id_45972,85
id_45973,85
id_45974,85
id_45975,85
id_45976,85
id_45977,85
id_45978,85
id_45979,85
id_45980,85
id_45981,85
id_45982,85
id_45983,85
id_45984,85
id_45985,85
id_45986,85
id_45987,85
id_45988,85
id_45989,85
id_45990,85
id_45991,85
id_45992,85
id_45993,85
id_46707,85
id_46708,85
id_46709,85
id_46710,85
id_46711,85
id_46712,85
id_46713,85
id_46714,85
id_46715,85
id_46716,85
id_46717,85
id_46718,85
id_46719,85
id_46720,85
id_46721,85
id_46722,85
id_46723,85
id_46724,85
id_46725,85
id_46726,85
id_46727,85
id_46728,85
id_46729,85
id_46730,85
id_46731,85
id_46732,85
id_46733,85
id_46734,85
id_46735,85
id_46736,85
id_46737,85
id_46738,85
id_46739,85
id_46740,85
id_46741,85
id_46742,85
id_46743,85
id_46744,85
id_46745,85
id_46746,85
id_46747,85
id_47461,85
id_47462,85
id_47463,85
id_47464,85
id_47465,85
id_47466,85
id_47467,85
id_47468,85
id_47469,85
id_47470,85
id_47471,85
id_47472,85
id_47473,85
id_47474,85
id_47475,85
id_47476,85
id_47477,85
id_47478,85
id_47479,85
id_47480,85
id_47481,85
id_47482,85
id_47483,85
id_47484,85
id_47485,85
id_47486,85
id_47487,85
id_47488,85
id_47489,85
id_47490,85
id_47491,85
id_47492,85
id_47493,85
id_47494,85
id_47495,85
id_47496,85
id_47497,85
id_47498,85
id_47499,85
id_47500,85
id_47501,85
id_48215,85
id_48216,85
id_48217,85
id_48218,85
id_48219,85
id_48220,85
id_48221,85
id_48222,85
id_48223,85
id_48224,85
id_48225,85
id_48226,85
id_48227,85
id_48228,85
id_48229,85
id_48230,85
id_48231,85
id_48232,85
id_48233,85
id_48234,85
id_48235,85
id_48236,85
id_48237,85
id_48238,85
id_48239,85
id_48240,85
id_48241,85
id_48242,85
id_48243,85
id_48244,85
id_48245,85
id_48246,85
id_48247,85
id_48248,85
id_48249,85
id_48250,85
id_48251,85
id_48252,85
id_48253,85
id_48254,85
id_48255,85
id_48969,85
id_48970,85
id_48971,85
id_48972,85
id_48973,85
id_48974,85
id_48975,85
id_48976,85
id_48977,85
id_48978,85
id_48979,85
id_48980,85
id_48981,85
id_48982,85
id_48983,85
id_48984,85
id_48985,85
id_48986,85
id_48987,85
id_48988,85
id_48989,85
id_48990,85
id_48991,85
id_48992,85
id_48993,85
id_48994,85
id_48995,85
id_48996,85
id_48997,85
id_48998,85
id_48999,85
id_49000,85
id_49001,85
id_49002,85
id_49003,85
id_49004,85
id_49005,85
id_49006,85
id_49007,85
id_49008,85
id_49009,85
id_49723,85
id_49724,85
id_49725,85
id_49726,85
id_49727,85
id_49728,85
id_49729,85
id_49730,85
id_49731,85
id_49732,85
id_49733,85
id_49734,85
id_49735,85
id_49736,85
id_49737,85
id_49738,85
id_49739,85
id_49740,85
id_49741,85
id_49742,85
id_49743,85
id_49744,85
id_49745,85
id_49746,85
id_49747,85
id_49748,85
id_49749,85
id_49750,85
id_49751,85
id_49752,85
id_49753,85
id_49754,85
id_49755,85
id_49756,85
id_49757,85
id_49758,85
id_49759,85
id_49760,85
id_49761,85
id_49762,85
id_49763,85
id_50477,85
id_50478,85
id_50479,85
id_50480,85
id_50481,85
id_50482,85
id_50483,85
id_50484,85
id_50485,85
id_50486,85
id_50487,85
id_50488,85
id_50489,85
id_50490,85
id_50491,85
id_50492,85
id_50493,85
id_50494,85
id_50495,85
id_50496,85
id_50497,85
id_50498,85
id_50499,85
id_50500,85
id_50501,85
id_50502,85
id_50503,85
id_50504,85
id_50505,85
id_50506,85
id_50507,85
id_50508,85
id_50509,85
id_50510,85
id_50511,85
id_50512,85
id_50513,85
id_50514,85
id_50515,85
id_50516,85
id_50517,85
id_51231,85
id_51232,85
id_51233,85
id_51234,85
id_51235,85
id_51236,85
id_51237,85
id_51238,85
id_51239,85
id_51240,85
id_51241,85
id_51242,85
id_51243,85
id_51244,85
id_51245,85
id_51246,85
id_51247,85
id_51248,85
id_51249,85
id_51250,85
id_51251,85
id_51252,85
id_51253,85
id_51254,85
id_51255,85
id_51256,85
id_51257,85
id_51258,85
id_51259,85
id_51260,85
id_51261,85
id_51262,85
id_51263,85
id_51264,85
id_51265,85
id_51266,85
id_51267,85
id_51268,85
id_51269,85
id_51270,85
id_51271,85
id_51985,85
id_51986,85
id_51987,85
id_51988,85
id_51989,85
id_51990,85
id_51991,85
id_51992,85
id_51993,85
id_51994,85
id_51995,85
id_51996,85
id_51997,85
id_51998,85
id_51999,85
id_52000,85
id_52001,85
id_52002,85
id_52003,85
id_52004,85
id_52005,85
id_52006,85
id_52007,85
id_52008,85
id_52009,85
id_52010,85
id_52011,85
id_52012,85
id_52013,85
id_52014,85
id_52015,85
id_52016,85
id_52017,85
id_52018,85
id_52019,85
id_52020,85
id_52021,85
id_52022,85
id_52023,85
id_52024,85
id_52025,85
id_52739,85
id_52740,85
id_52741,85
id_52742,85
id_52743,85
id_52744,85
id_52745,85
id_52746,85
id_52747,85
id_52748,85
id_52749,85
id_52750,85
id_52751,85
id_52752,85
id_52753,85
id_52754,85
id_52755,85
id_52756,85
id_52757,85
id_52758,85
id_52759,85
id_52760,85
id_52761,85
id_52762,85
id_52763,85
id_52764,85
id_52765,85
id_52766,85
id_52767,85
id_52768,85
id_52769,85
id_52770,85
id_52771,85
id_52772,85
id_52773,85
id_52774,85
id_52775,85
id_52776,85
id_52777,85
id_52778,85
id_52779,85
id_53493,85
id_53494,85
id_53495,85
id_53496,85
id_53497,85
id_53498,85
id_53499,85
id_53500,85
id_53501,85
id_53502,85
id_53503,85
id_53504,85
id_53505,85
id_53506,85
id_53507,85
id_53508,85
id_53509,85
id_53510,85
id_53511,85
id_53512,85
id_53513,85
id_53514,85
id_53515,85
id_53516,85
id_53517,85
id_53518,85
id_53519,85
id_53520,85
id_53521,85
id_53522,85
id_53523,85
id_53524,85
id_53525,85
id_53526,85
id_53527,85
id_53528,85
id_53529,85
id_53530,85
id_53531,85
id_53532,85
id_53533,85
id_54247,85
id_54248,85
id_54249,85
id_54250,85
id_54251,85
id_54252,85
id_54253,85
id_54254,85
id_54255,85
id_54256,85
id_54257,85
id_54258,85
id_54259,85
id_54260,85
id_54261,85
id_54262,85
id_54263,85
id_54264,85
id_54265,85
id_54266,85
id_54267,85
id_54268,85
id_54269,85
id_54270,85
id_54271,85
id_54272,85
id_54273,85
id_54274,85
id_54275,85
id_54276,85
id_54277,85
id_54278,85
id_54279,85
id_54280,85
id_54281,85
id_54282,85
id_54283,85
id_54284,85
id_54285,85
id_54286,85
id_54287,85
id_55001,85
id_55002,85
id_55003,85
id_55004,85
id_55005,85
id_55006,85
id_55007,85
id_55008,85
id_55009,85
id_55010,85
id_55011,85
id_55012,85
id_55013,85
id_55014,85
id_55015,85
id_55016,85
id_55017,85
id_55018,85
id_55019,85
id_55020,85
id_55021,85
id_55022,85
id_55023,85
id_55024,85
id_55025,85
id_55026,85
id_55027,85
id_55028,85
id_55029,85
id_55030,85
id_55031,85
id_55032,85
id_55033,85
id_55034,85
id_55035,85
id_55036,85
id_55037,85
id_55038,85
id_55039,85
id_55040,85
id_55041,85
id_55755,85
id_55756,85
id_55757,85
id_55758,85
id_55759,85
id_55760,85
id_55761,85
id_55762,85
id_55763,85
id_55764,85
id_55765,85
id_55766,85
id_55767,85
id_55768,85
id_55769,85
id_55770,85
id_55771,85
id_55772,85
id_55773,85
id_55774,85
id_55775,85
id_55776,85
id_55777,85
id_55778,85
id_55779,85
id_55780,85
id_55781,85
id_55782,85
id_55783,85
id_55784,85
id_55785,85
id_55786,85
id_55787,85
id_55788,85
id_55789,85
id_55790,85
id_55791,85
id_55792,85
id_55793,85
id_55794,85
id_55795,85
id_56509,85
id_56510,85
id_56511,85
id_56512,85
id_56513,85
id_56514,85
id_56515,85
id_56516,85
id_56517,85
id_56518,85
id_56519,85
id_56520,85
id_56521,85
id_56522,85
id_56523,85
id_56524,85
id_56525,85
id_56526,85
id_56527,85
id_56528,85
id_56529,85
id_56530,85
id_56531,85
id_56532,85
id_56533,85
id_56534,85
id_56535,85
id_56536,85
id_56537,85
id_56538,85
id_56539,85
id_56540,85
id_56541,85
id_56542,85
id_56543,85
id_56544,85
id_56545,85
id_56546,85
id_56547,85
id_56548,85
id_56549,85
id_57263,85
id_57264,85
id_57265,85
id_57266,85
id_57267,85
id_57268,85
id_57269,85
id_57270,85
id_57271,85
id_57272,85
id_57273,85
id_57274,85
id_57275,85
id_57276,85
id_57277,85
id_57278,85
id_57279,85
id_57280,85
id_57281,85
id_57282,85
id_57283,85
id_57284,85
id_57285,85
id_57286,85
id_57287,85
id_57288,85
id_57289,85
id_57290,85
id_57291,85
id_57292,85
id_57293,85
id_57294,85
id_57295,85
id_57296,85
id_57297,85
id_57298,85
id_57299,85
id_57300,85
id_57301,85
id_57302,85
id_57303,85
id_58017,85
id_58018,85
id_58019,85
id_58020,85
id_58021,85
id_58022,85
id_58023,85
id_58024,85
id_58025,85
id_58026,85
id_58027,85
id_58028,85
id_58029,85
id_58030,85
id_58031,85
id_58032,85
id_58033,85
id_58034,85
id_58035,85
id_58036,85
id_58037,85
id_58038,85
id_58039,85
id_58040,85
id_58041,85
id_58042,85
id_58043,85
id_58044,85
id_58045,85
id_58046,85
id_58047,85
id_58048,85
id_58049,85
id_58050,85
id_58051,85
id_58052,85
id_58053,85
id_58054,85
id_58055,85
id_58056,85
id_58057,85
id_58771,85
id_58772,85
id_58773,85
id_58774,85
id_58775,85
id_58776,85
id_58777,85
id_58778,85
id_58779,85
id_58780,85
id_58781,85
id_58782,85
id_58783,85
id_58784,85
id_58785,85
id_58786,85
id_58787,85
id_58788,85
id_58789,85
id_58790,85
id_58791,85
id_58792,85
id_58793,85
id_58794,85
id_58795,85
id_58796,85
id_58797,85
id_58798,85
id_58799,85
id_58800,85
id_58801,85
id_58802,85
id_58803,85
id_58804,85
id_58805,85
id_58806,85
id_58807,85
id_58808,85
id_58809,85
id_58810,85
id_58811,85
id_59525,85
id_59526,85
id_59527,85
id_59528,85
id_59529,85
id_59530,85
id_59531,85
id_59532,85
id_59533,85
id_59534,85
id_59535,85
id_59536,85
id_59537,85
id_59538,85
id_59539,85
id_59540,85
id_59541,85
id_59542,85
id_59543,85
id_59544,85
id_59545,85
id_59546,85
id_59547,85
id_59548,85
id_59549,85
id_59550,85
id_59551,85
id_59552,85
id_59553,85
id_59554,85
id_59555,85
id_59556,85
id_59557,85
id_59558,85
id_59559,85
id_59560,85
id_59561,85
id_59562,85
id_59563,85
id_59564,85
id_59565,85
id_60279,85
id_60280,85
id_60281,85
id_60282,85
id_60283,85
id_60284,85
id_60285,85
id_60286,85
id_60287,85
id_60288,85
id_60289,85
id_60290,85
id_60291,85
id_60292,85
id_60293,85
id_60294,85
id_60295,85
id_60296,85
id_60297,85
id_60298,85
id_60299,85
id_60300,85
id_60301,85
id_60302,85
id_60303,85
id_60304,85
id_60305,85
id_60306,85
id_60307,85
id_60308,85
id_60309,85
id_60310,85
id_60311,85
id_60312,85
id_60313,85
id_60314,85
id_60315,85
id_60316,85
id_60317,85
id_60318,85
id_60319,85
id_61033,85
id_61034,85
id_61035,85
id_61036,85
id_61037,85
id_61038,85
id_61039,85
id_61040,85
id_61041,85
id_61042,85
id_61043,85
id_61044,85
id_61045,85
id_61046,85
id_61047,85
id_61048,85
id_61049,85
id_61050,85
id_61051,85
id_61052,85
id_61053,85
id_61054,85
id_61055,85
id_61056,85
id_61057,85
id_61058,85
id_61059,85
id_61060,85
id_61061,85
id_61062,85
id_61063,85
id_61064,85
id_61065,85
id_61066,85
id_61067,85
id_61068,85
id_61069,85
id_61070,85
id_61071,85
id_61072,85
id_61073,85
id_61787,85
id_61788,85
id_61789,85
id_61790,85
id_61791,85
id_61792,85
id_61793,85
id_61794,85
id_61795,85
id_61796,85
id_61797,85
id_61798,85
id_61799,85
id_61800,85
id_61801,85
id_61802,85
id_61803,85
id_61804,85
id_61805,85
id_61806,85
id_61807,85
id_61808,85
id_61809,85
id_61810,85
id_61811,85
id_61812,85
id_61813,85
id_61814,85
id_61815,85
id_61816,85
id_61817,85
id_61818,85
id_61819,85
id_61820,85
id_61821,85
id_61822,85
id_61823,85
id_61824,85
id_61825,85
id_61826,85
id_61827,85
id_62541,85
id_62542,85
id_62543,85
id_62544,85
id_62545,85
id_62546,85
id_62547,85
id_62548,85
id_62549,85
id_62550,85
id_62551,85
id_62552,85
id_62553,85
id_62554,85
id_62555,85
id_62556,85
id_62557,85
id_62558,85
id_62559,85
id_62560,85
id_62561,85
id_62562,85
id_62563,85
id_62564,85
id_62565,85
id_62566,85
id_62567,85
id_62568,85
id_62569,85
id_62570,85
id_62571,85
id_62572,85
id_62573,85
id_62574,85
id_62575,85
id_62576,85
id_62577,85
id_62578,85
id_62579,85
id_62580,85
id_62581,85
id_63295,85
id_63296,85
id_63297,85
id_63298,85
id_63299,85
id_63300,85
id_63301,85
id_63302,85
id_63303,85
id_63304,85
id_63305,85
id_63306,85
id_63307,85
id_63308,85
id_63309,85
id_63310,85
id_63311,85
id_63312,85
id_63313,85
id_63314,85
id_63315,85
id_63316,85
id_63317,85
id_63318,85
id_63319,85
id_63320,85
id_63321,85
id_63322,85
id_63323,85
id_63324,85
id_63325,85
id_63326,85
id_63327,85
id_63328,85
id_63329,85
id_63330,85
id_63331,85
id_63332,85
id_63333,85
id_63334,85
id_63335,85
id_64049,85
id_64050,85
id_64051,85
id_64052,85
id_64053,85
id_64054,85
id_64055,85
id_64056,85
id_64057,85
id_64058,85
id_64059,85
id_64060,85
id_64061,85
id_64062,85
id_64063,85
id_64064,85
id_64065,85
id_64066,85
id_64067,85
id_64068,85
id_64069,85
id_64070,85
id_64071,85
id_64072,85
id_64073,85
id_64074,85
id_64075,85
id_64076,85
id_64077,85
id_64078,85
id_64079,85
id_64080,85
id_64081,85
id_64082,85
id_64083,85
id_64084,85
id_64085,85
id_64086,85
id_64087,85
id_64088,85
id_64089,85
id_64803,85
id_64804,85
id_64805,85
id_64806,85
id_64807,85
id_64808,85
id_64809,85
id_64810,85
id_64811,85
id_64812,85
id_64813,85
id_64814,85
id_64815,85
id_64816,85
id_64817,85
id_64818,85
id_64819,85
id_64820,85
id_64821,85
id_64822,85
id_64823,85
id_64824,85
id_64825,85
id_64826,85
id_64827,85
id_64828,85
id_64829,85
id_64830,85
id_64831,85
id_64832,85
id_64833,85
id_64834,85
id_64835,85
id_64836,85
id_64837,85
id_64838,85
id_64839,85
id_64840,85
id_64841,85
id_64842,85
id_64843,85
id_65557,85
id_65558,85
id_65559,85
id_65560,85
id_65561,85
id_65562,85
id_65563,85
id_65564,85
id_65565,85
id_65566,85
id_65567,85
id_65568,85
id_65569,85
id_65570,85
id_65571,85
id_65572,85
id_65573,85
id_65574,85
id_65575,85
id_65576,85
id_65577,85
id_65578,85
id_65579,85
id_65580,85
id_65581,85
id_65582,85
id_65583,85
id_65584,85
id_65585,85
id_65586,85
id_65587,85
id_65588,85
id_65589,85
id_65590,85
id_65591,85
id_65592,85
id_65593,85
id_65594,85
id_65595,85
id_65596,85
id_65597,85
id_66311,85
id_66312,85
id_66313,85
id_66314,85
id_66315,85
id_66316,85
id_66317,85
id_66318,85
id_66319,85
id_66320,85
id_66321,85
id_66322,85
id_66323,85
id_66324,85
id_66325,85
id_66326,85
id_66327,85
id_66328,85
id_66329,85
id_66330,85
id_66331,85
id_66332,85
id_66333,85
id_66334,85
id_66335,85
id_66336,85
id_66337,85
id_66338,85
id_66339,85
id_66340,85
id_66341,85
id_66342,85
id_66343,85
id_66344,85
id_66345,85
id_66346,85
id_66347,85
id_66348,85
id_66349,85
id_66350,85
id_66351,85
id_67065,85
id_67066,85
id_67067,85
id_67068,85
id_67069,85
id_67070,85
id_67071,85
id_67072,85
id_67073,85
id_67074,85
id_67075,85
id_67076,85
id_67077,85
id_67078,85
id_67079,85
id_67080,85
id_67081,85
id_67082,85
id_67083,85
id_67084,85
id_67085,85
id_67086,85
id_67087,85
id_67088,85
id_67089,85
id_67090,85
id_67091,85
id_67092,85
id_67093,85
id_67094,85
id_67095,85
id_67096,85
id_67097,85
id_67098,85
id_67099,85
id_67100,85
id_67101,85
id_67102,85
id_67103,85
id_67104,85
id_67105,85
id_67819,85
id_67820,85
id_67821,85
id_67822,85
id_67823,85
id_67824,85
id_67825,85
id_67826,85
id_67827,85
id_67828,85
id_67829,85
id_67830,85
id_67831,85
id_67832,85
id_67833,85
id_67834,85
id_67835,85
id_67836,85
id_67837,85
id_67838,85
id_67839,85
id_67840,85
id_67841,85
id_67842,85
id_67843,85
id_67844,85
id_67845,85
id_67846,85
id_67847,85
id_67848,85
id_67849,85
id_67850,85
id_67851,85
id_67852,85
id_67853,85
id_67854,85
id_67855,85
id_67856,85
id_67857,85
id_67858,85
id_67859,85
id_68573,85
id_68574,85
id_68575,85
id_68576,85
id_68577,85
id_68578,85
id_68579,85
id_68580,85
id_68581,85
id_68582,85
id_68583,85
id_68584,85
id_68585,85
id_68586,85
id_68587,85
id_68588,85
id_68589,85
id_68590,85
id_68591,85
id_68592,85
id_68593,85
id_68594,85
id_68595,85
id_68596,85
id_68597,85
id_68598,85
id_68599,85
id_68600,85
id_68601,85
id_68602,85
id_68603,85
id_68604,85
id_68605,85
id_68606,85
id_68607,85
id_68608,85
id_68609,85
id_68610,85
id_68611,85
id_68612,85
id_68613,85
id_69327,85
id_69328,85
id_69329,85
id_69330,85
id_69331,85
id_69332,85
id_69333,85
id_69334,85
id_69335,85
id_69336,85
id_69337,85
id_69338,85
id_69339,85
id_69340,85
id_69341,85
id_69342,85
id_69343,85
id_69344,85
id_69345,85
id_69346,85
id_69347,85
id_69348,85
id_69349,85
id_69350,85
id_69351,85
id_69352,85
id_69353,85
id_69354,85
id_69355,85
id_69356,85
id_69357,85
id_69358,85
id_69359,85
id_69360,85
id_69361,85
id_69362,85
id_69363,85
id_69364,85
id_69365,85
id_69366,85
id_69367,85
id_70081,85
id_70082,85
id_70083,85
id_70084,85
id_70085,85
id_70086,85
id_70087,85
id_70088,85
id_70089,85
id_70090,85
id_70091,85
id_70092,85
id_70093,85
id_70094,85
id_70095,85
id_70096,85
id_70097,85
id_70098,85
id_70099,85
id_70100,85
id_70101,85
id_70102,85
id_70103,85
id_70104,85
id_70105,85
id_70106,85
id_70107,85
id_70108,85
id_70109,85
id_70110,85
id_70111,85
id_70112,85
id_70113,85
id_70114,85
id_70115,85
id_70116,85
id_70117,85
id_70118,85
id_70119,85
id_70120,85
id_70121,85
id_70835,85
id_70836,85
id_70837,85
id_70838,85
id_70839,85
id_70840,85
id_70841,85
id_70842,85
id_70843,85
id_70844,85
id_70845,85
id_70846,85
id_70847,85
id_70848,85
id_70849,85
id_70850,85
id_70851,85
id_70852,85
id_70853,85
id_70854,85
id_70855,85
id_70856,85
id_70857,85
id_70858,85
id_70859,85
id_70860,85
id_70861,85
id_70862,85
id_70863,85
id_70864,85
id_70865,85
id_70866,85
id_70867,85
id_70868,85
id_70869,85
id_70870,85
id_70871,85
id_70872,85
id_70873,85
id_70874,85
id_70875,85
id_71589,85
id_71590,85
id_71591,85
id_71592,85
id_71593,85
id_71594,85
id_71595,85
id_71596,85
id_71597,85
id_71598,85
id_71599,85
id_71600,85
id_71601,85
id_71602,85
id_71603,85
id_71604,85
id_71605,85
id_71606,85
id_71607,85
id_71608,85
id_71609,85
id_71610,85
id_71611,85
id_71612,85
id_71613,85
id_71614,85
id_71615,85
id_71616,85
id_71617,85
id_71618,85
id_71619,85
id_71620,85
id_71621,85
id_71622,85
id_71623,85
id_71624,85
id_71625,85
id_71626,85
id_71627,85
id_71628,85
id_71629,85
id_72343,85
id_72344,85
id_72345,85
id_72346,85
id_72347,85
id_72348,85
id_72349,85
id_72350,85
id_72351,85
id_72352,85
id_72353,85
id_72354,85
id_72355,85
id_72356,85
id_72357,85
id_72358,85
id_72359,85
id_72360,85
id_72361,85
id_72362,85
id_72363,85
id_72364,85
id_72365,85
id_72366,85
id_72367,85
id_72368,85
id_72369,85
id_72370,85
id_72371,85
id_72372,85
id_72373,85
id_72374,85
id_72375,85
id_72376,85
id_72377,85
id_72378,85
id_72379,85
id_72380,85
id_72381,85
id_72382,85
id_72383,85
id_73097,85
id_73098,85
id_73099,85
id_73100,85
id_73101,85
id_73102,85
id_73103,85
id_73104,85
id_73105,85
id_73106,85
id_73107,85
id_73108,85
id_73109,85
id_73110,85
id_73111,85
id_73112,85
id_73113,85
id_73114,85
id_73115,85
id_73116,85
id_73117,85
id_73118,85
id_73119,85
id_73120,85
id_73121,85
id_73122,85
id_73123,85
id_73124,85
id_73125,85
id_73126,85
id_73127,85
id_73128,85
id_73129,85
id_73130,85
id_73131,85
id_73132,85
id_73133,85
id_73134,85
id_73135,85
id_73136,85
id_73137,85
id_73851,85
id_73852,85
id_73853,85
id_73854,85
id_73855,85
id_73856,85
id_73857,85
id_73858,85
id_73859,85
id_73860,85
id_73861,85
id_73862,85
id_73863,85
id_73864,85
id_73865,85
id_73866,85
id_73867,85
id_73868,85
id_73869,85
id_73870,85
id_73871,85
id_73872,85
id_73873,85
id_73874,85
id_73875,85
id_73876,85
id_73877,85
id_73878,85
id_73879,85
id_73880,85
id_73881,85
id_73882,85
id_73883,85
id_73884,85
id_73885,85
id_73886,85
id_73887,85
id_73888,85
id_73889,85
id_73890,85
id_73891,85
id_74605,85
id_74606,85
id_74607,85
id_74608,85
id_74609,85
id_74610,85
id_74611,85
id_74612,85
id_74613,85
id_74614,85
id_74615,85
id_74616,85
id_74617,85
id_74618,85
id_74619,85
id_74620,85
id_74621,85
id_74622,85
id_74623,85
id_74624,85
id_74625,85
id_74626,85
id_74627,85
id_74628,85
id_74629,85
id_74630,85
id_74631,85
id_74632,85
id_74633,85
id_74634,85
id_74635,85
id_74636,85
id_74637,85
id_74638,85
id_74639,85
id_74640,85
id_74641,85
id_74642,85
id_74643,85
id_74644,85
id_74645,85
id_75359,85
id_75360,85
id_75361,85
id_75362,85
id_75363,85
id_75364,85
id_75365,85
id_75366,85
id_75367,85
id_75368,85
id_75369,85
id_75370,85
id_75371,85
id_75372,85
id_75373,85
id_75374,85
id_75375,85
id_75376,85
id_75377,85
id_75378,85
id_75379,85
id_75380,85
id_75381,85
id_75382,85
id_75383,85
id_75384,85
id_75385,85
id_75386,85
id_75387,85
id_75388,85
id_75389,85
id_75390,85
id_75391,85
id_75392,85
id_75393,85
id_75394,85
id_75395,85
id_75396,85
id_75397,85
id_75398,85
id_75399,85
id_76113,85
id_76114,85
id_76115,85
id_76116,85
id_76117,85
id_76118,85
id_76119,85
id_76120,85
id_76121,85
id_76122,85
id_76123,85
id_76124,85
id_76125,85
id_76126,85
id_76127,85
id_76128,85
id_76129,85
id_76130,85
id_76131,85
id_76132,85
id_76133,85
id_76134,85
id_76135,85
id_76136,85
id_76137,85
id_76138,85
id_76139,85
id_76140,85
id_76141,85
id_76142,85
id_76143,85
id_76144,85
id_76145,85
id_76146,85
id_76147,85
id_76148,85
id_76149,85
id_76150,85
id_76151,85
id_76152,85
id_76153,85
id_76867,85
id_76868,85
id_76869,85
id_76870,85
id_76871,85
id_76872,85
id_76873,85
id_76874,85
id_76875,85
id_76876,85
id_76877,85
id_76878,85
id_76879,85
id_76880,85
id_76881,85
id_76882,85
id_76883,85
id_76884,85
id_76885,85
id_76886,85
id_76887,85
id_76888,85
id_76889,85
id_76890,85
id_76891,85
id_76892,85
id_76893,85
id_76894,85
id_76895,85
id_76896,85
id_76897,85
id_76898,85
id_76899,85
id_76900,85
id_76901,85
id_76902,85
id_76903,85
id_76904,85
id_76905,85
id_76906,85
id_76907,85
id_77621,85
id_77622,85
id_77623,85
id_77624,85
id_77625,85
id_77626,85
id_77627,85
id_77628,85
id_77629,85
id_77630,85
id_77631,85
id_77632,85
id_77633,85
id_77634,85
id_77635,85
id_77636,85
id_77637,85
id_77638,85
id_77639,85
id_77640,85
id_77641,85
id_77642,85
id_77643,85
id_77644,85
id_77645,85
id_77646,85
id_77647,85
id_77648,85
id_77649,85
id_77650,85
id_77651,85
id_77652,85
id_77653,85
id_77654,85
id_77655,85
id_77656,85
id_77657,85
id_77658,85
id_77659,85
id_77660,85
id_77661,85